{
    "fit_time": [
        5.477513790130615, 
        5.328253984451294, 
        5.480859994888306, 
        5.5992841720581055, 
        5.081118822097778, 
        5.399057149887085, 
        5.681114912033081, 
        5.354580879211426, 
        3.9254260063171387, 
        3.767106056213379
    ], 
    "score_time": [
        0.02320408821105957, 
        0.05776691436767578, 
        0.024086952209472656, 
        0.020350933074951172, 
        0.02190113067626953, 
        0.020496845245361328, 
        0.031188011169433594, 
        0.021481037139892578, 
        0.0287930965423584, 
        0.03603506088256836
    ], 
    "test_f1": [
        0.7692307692307692, 
        0.6666666666666666, 
        0.7272727272727272, 
        0.5454545454545454, 
        0.8333333333333333, 
        1.0, 
        0.9090909090909091, 
        0.5714285714285715, 
        1.0, 
        0.8000000000000002
    ], 
    "test_precision": [
        0.7142857142857143, 
        1.0, 
        0.6666666666666666, 
        0.5, 
        0.7142857142857143, 
        1.0, 
        0.8333333333333334, 
        1.0, 
        1.0, 
        0.8
    ], 
    "test_recall": [
        0.8333333333333334, 
        0.5, 
        0.8, 
        0.6, 
        1.0, 
        1.0, 
        1.0, 
        0.4, 
        1.0, 
        0.8
    ], 
    "test_roc_auc": [
        0.7666666666666666, 
        0.9333333333333333, 
        0.8400000000000001, 
        0.56, 
        0.92, 
        1.0, 
        0.9600000000000001, 
        0.88, 
        1.0, 
        0.85
    ], 
    "train_f1": [
        1.0, 
        0.989010989010989, 
        1.0, 
        1.0, 
        1.0, 
        1.0, 
        0.9782608695652174, 
        0.989247311827957, 
        0.9787234042553191, 
        1.0
    ], 
    "train_precision": [
        1.0, 
        1.0, 
        1.0, 
        1.0, 
        1.0, 
        1.0, 
        1.0, 
        1.0, 
        0.9787234042553191, 
        1.0
    ], 
    "train_recall": [
        1.0, 
        0.9782608695652174, 
        1.0, 
        1.0, 
        1.0, 
        1.0, 
        0.9574468085106383, 
        0.9787234042553191, 
        0.9787234042553191, 
        1.0
    ], 
    "train_roc_auc": [
        1.0, 
        1.0, 
        1.0, 
        1.0, 
        1.0, 
        1.0, 
        0.995546759030183, 
        0.999505195447798, 
        0.9990328820116054, 
        1.0
    ]
}