{
    "fit_time": [
        4.811693906784058, 
        5.283512115478516, 
        5.136589050292969, 
        5.244942903518677, 
        4.950631856918335, 
        4.854416131973267, 
        4.172243118286133, 
        4.928126096725464, 
        4.097749948501587, 
        3.505673885345459
    ], 
    "score_time": [
        0.023663997650146484, 
        0.025763988494873047, 
        0.021329879760742188, 
        0.022558927536010742, 
        0.055941104888916016, 
        0.020984888076782227, 
        0.025322914123535156, 
        0.02684497833251953, 
        0.03574109077453613, 
        0.027709007263183594
    ], 
    "test_f1": [
        0.7272727272727272, 
        0.8, 
        0.7499999999999999, 
        0.8333333333333333, 
        0.6666666666666665, 
        0.6153846153846154, 
        0.888888888888889, 
        1.0, 
        0.33333333333333337, 
        0.8000000000000002
    ], 
    "test_precision": [
        0.8, 
        1.0, 
        1.0, 
        0.7142857142857143, 
        0.75, 
        0.5, 
        1.0, 
        1.0, 
        1.0, 
        0.8
    ], 
    "test_recall": [
        0.6666666666666666, 
        0.6666666666666666, 
        0.6, 
        1.0, 
        0.6, 
        0.8, 
        0.8, 
        1.0, 
        0.2, 
        0.8
    ], 
    "test_roc_auc": [
        0.7166666666666667, 
        0.9, 
        0.88, 
        0.92, 
        0.8, 
        0.6799999999999999, 
        0.92, 
        1.0, 
        0.6, 
        0.9
    ], 
    "train_f1": [
        0.967741935483871, 
        0.967741935483871, 
        0.968421052631579, 
        0.9791666666666666, 
        0.9894736842105264, 
        0.9791666666666666, 
        0.9791666666666666, 
        0.968421052631579, 
        1.0, 
        0.9574468085106385
    ], 
    "train_precision": [
        0.9574468085106383, 
        0.9574468085106383, 
        0.9583333333333334, 
        0.9591836734693877, 
        0.9791666666666666, 
        0.9591836734693877, 
        0.9591836734693877, 
        0.9583333333333334, 
        1.0, 
        0.9574468085106383
    ], 
    "train_recall": [
        0.9782608695652174, 
        0.9782608695652174, 
        0.9787234042553191, 
        1.0, 
        1.0, 
        1.0, 
        1.0, 
        0.9787234042553191, 
        1.0, 
        0.9574468085106383
    ], 
    "train_roc_auc": [
        0.9984833164812943, 
        0.9974721941354904, 
        0.9905987135081643, 
        0.9985155863433944, 
        0.999505195447798, 
        0.9975259772389906, 
        0.9990103908955962, 
        0.9930727362691736, 
        1.0, 
        0.9927466150870405
    ]
}