{
    "fit_time": [
        5237.7112329006195, 
        5236.659553050995, 
        5265.9306428432465, 
        5254.069762945175, 
        5242.433141946793, 
        5233.721400022507, 
        5228.129789113998, 
        5254.086076974869, 
        3640.0887808799744, 
        3618.1775829792023
    ], 
    "score_time": [
        9.473925113677979, 
        9.600237131118774, 
        9.013981103897095, 
        9.288733005523682, 
        9.519113063812256, 
        9.311754941940308, 
        9.579024076461792, 
        9.033249139785767, 
        5.679049015045166, 
        5.678560018539429
    ], 
    "test_f1": [
        0.8812116660408061, 
        0.884749563917269, 
        0.8800152361604875, 
        0.8883206546058939, 
        0.8889026504830321, 
        0.8762677484787019, 
        0.8923884514435694, 
        0.8829401665924842, 
        0.8824884792626729, 
        0.883914828116983
    ], 
    "test_precision": [
        0.8967010571901669, 
        0.8959121877365632, 
        0.9088644112247574, 
        0.9243049088732207, 
        0.8946646721515832, 
        0.9035294117647059, 
        0.9065515490096495, 
        0.9134324430995922, 
        0.9194451853827688, 
        0.9229841950174122
    ], 
    "test_recall": [
        0.8662483081087732, 
        0.8738616785626384, 
        0.8529411764705882, 
        0.8550332266797932, 
        0.883214373615555, 
        0.8506030027073591, 
        0.8786610878661087, 
        0.854417917794733, 
        0.8483878907211421, 
        0.8480187053901058
    ], 
    "test_roc_auc": [
        0.9633584638040612, 
        0.964171851815162, 
        0.9634087009927483, 
        0.9662233612191388, 
        0.965818365446232, 
        0.9629449068078306, 
        0.9678446636877595, 
        0.9627099956776468, 
        0.9642612670681303, 
        0.9654495742143535
    ], 
    "train_f1": [
        0.8862600466232908, 
        0.8894356045905638, 
        0.8830730563949056, 
        0.8852573116859136, 
        0.8888028271288184, 
        0.8880231913355372, 
        0.8866027718403088, 
        0.8851490327186368, 
        0.8834854383389709, 
        0.8833673863035619
    ], 
    "train_precision": [
        0.9023536580181661, 
        0.9017720380545523, 
        0.91288735786539, 
        0.9210250195811843, 
        0.899193999776111, 
        0.9123781226562049, 
        0.8942485569232909, 
        0.9161740606344375, 
        0.9176413398933506, 
        0.9249435243780202
    ], 
    "train_recall": [
        0.8707304400142205, 
        0.8774321460313119, 
        0.8551445956108567, 
        0.8521638066589184, 
        0.8786490736309565, 
        0.8649347097832775, 
        0.8790866206330759, 
        0.8561564230532577, 
        0.851780953032064, 
        0.845368154782252
    ], 
    "train_roc_auc": [
        0.9645725219557401, 
        0.9666657648798929, 
        0.9652082699786824, 
        0.9659006996078756, 
        0.9654550245585188, 
        0.9663922832511818, 
        0.9654883959985112, 
        0.9652365752940347, 
        0.964526594073723, 
        0.9654453768216452
    ]
}